{"ActionModel":"AStarController","AllValid":"No","TeamSize":1,"NumTaskFinished":2,"SumOfCost":21,"MakeSpan":21,"ActualPaths":["R,F,F,C,F,F,R,F,F,R,F,F,F,F,F,R,F,F,C,C,F"],"PlannerPaths":["R,F,F,C,F,F,R,F,F,R,F,F,F,F,F,R,F,F,C,C,F"],"PlannerTimes":[0.0017085,0.0009382,0.0009725,0.000828,0.0007541,0.0011011,0.0011626,0.0008965,0.0009555,0.0008809,0.0008789,0.0011182,0.0008179,0.0007883,0.0008571,0.0008975,0.0009638,0.0010264,0.0027232,0.0008404,0.0010061],"Errors":[],"Events":[[[0,0,"assigned"],[0,17,"finished"],[1,18,"assigned"]]],"Start":[[3,1,"E"]],"Tasks":[[0,3,0],[1,8,7],[2,9,9]]}