{"ActionModel":"AStarController","AllValid":"No","TeamSize":1,"NumTaskFinished":3,"SumOfCost":41,"MakeSpan":41,"ActualPaths":["R,F,F,C,F,F,R,F,F,R,F,F,F,F,F,R,F,F,R,F,R,F,F,C,F,F,F,F,F,F,R,F,F,F,C,F,F,R,F,W,W"],"PlannerPaths":["R,F,F,C,F,F,R,F,F,R,F,F,F,F,F,R,F,F,R,F,R,F,F,C,F,F,F,F,F,F,R,F,F,F,C,F,F,R,F,W,W"],"PlannerTimes":[0.0019144,0.0009443,0.0008267,0.0009447,0.0008297,0.0008999,0.0008588,0.0008259,0.0008887,0.0008679,0.0008736,0.0008663,0.0008901,0.0008639,0.0008558,0.0012119,0.0008614,0.0007669,0.0025889,0.0009601,0.0007741,0.0007925,0.0008806,0.0007659,0.0008355,0.0011344,0.0008029,0.0009701,0.001133,0.0008316,0.00086,0.0009154,0.0008037,0.000817,0.0020051,0.0010308,0.0010244,0.0007836,0.0013397,0.0008667,0.0010933],"Errors":[],"Events":[[[0,0,"assigned"],[0,17,"finished"],[1,18,"assigned"],[1,33,"finished"],[2,34,"assigned"],[2,38,"finished"]]],"Start":[[3,1,"E"]],"Tasks":[[0,3,0],[1,8,7],[2,9,9]]}